date,total_sales,t_mean,t_max,t_min,precip_mm,rh_mean,wind_max,weathercode,condition
,,,,,,,,,
2024-06-07,400.0,24.0,29.3,20.1,0.0,68.0,23.5,3.0,Overcast
2024-06-08,477.0,23.4,27.9,19.8,0.0,72.0,25.3,3.0,Overcast
2024-06-09,587.0,23.8,29.3,18.9,0.0,69.0,22.7,0.0,Clear
2024-06-10,312.0,25.2,32.5,18.1,0.0,64.0,15.5,2.0,Partly cloudy
2024-06-11,426.0,28.0,35.1,20.8,0.0,54.0,13.0,3.0,Overcast
2024-06-12,420.0,28.0,34.5,23.7,0.0,58.0,21.5,2.0,Partly cloudy
2024-06-13,359.0,28.4,34.8,22.7,0.0,66.0,18.6,3.0,Overcast
2024-06-14,314.0,25.5,32.3,18.2,9.4,70.0,35.8,63.0,Rain
2024-06-15,311.0,22.0,26.4,17.9,0.2,70.0,17.0,51.0,Light drizzle
2024-06-16,411.0,22.8,28.8,16.1,0.0,63.0,19.6,1.0,Mainly clear
2024-06-17,405.0,24.0,31.0,16.9,0.0,55.0,20.1,0.0,Clear
2024-06-18,451.0,24.3,30.0,19.2,0.0,68.0,31.1,0.0,Clear
2024-06-19,410.0,24.4,29.2,20.5,0.0,68.0,29.6,0.0,Clear
2024-06-20,393.0,24.5,29.4,20.2,0.0,71.0,27.4,0.0,Clear
2024-06-21,484.0,24.7,29.3,20.8,0.0,73.0,30.0,2.0,Partly cloudy
2024-06-22,395.0,23.7,27.5,20.9,0.0,69.0,31.7,1.0,Mainly clear
2024-06-23,432.0,23.7,27.7,20.3,0.0,69.0,32.8,0.0,Clear
2024-06-24,397.0,24.0,27.9,20.6,0.0,73.0,25.5,3.0,Overcast
2024-06-25,408.0,24.3,28.8,20.5,0.0,72.0,29.4,2.0,Partly cloudy
2024-06-26,477.0,23.8,28.2,20.0,0.0,67.0,27.6,1.0,Mainly clear
2024-06-27,500.0,23.5,27.8,19.9,0.0,67.0,29.5,0.0,Clear
2024-06-28,517.0,23.9,27.4,20.1,0.0,68.0,34.6,3.0,Overcast
2024-06-29,500.0,24.3,28.0,21.1,0.0,68.0,32.1,1.0,Mainly clear
2024-06-30,488.0,25.0,30.2,20.6,0.0,69.0,24.3,0.0,Clear
2024-07-01,423.0,24.6,29.8,19.7,0.0,71.0,25.5,3.0,Overcast
2024-07-02,404.0,26.5,33.3,20.6,0.0,67.0,16.9,3.0,Overcast
2024-07-03,415.0,25.3,31.0,19.4,0.0,65.0,26.5,2.0,Partly cloudy
2024-07-04,495.0,24.2,27.4,20.2,5.2,75.0,20.2,63.0,Rain
2024-07-05,443.0,22.9,28.2,18.4,2.6,77.0,21.3,61.0,Light rain
2024-07-06,373.0,24.0,29.2,18.3,1.0,72.0,32.2,51.0,Light drizzle
2024-07-07,496.0,25.4,29.7,21.9,0.0,70.0,27.7,0.0,Clear
2024-07-08,401.0,25.9,30.6,21.6,0.0,76.0,25.9,1.0,Mainly clear
2024-07-09,406.0,27.1,31.6,22.9,0.0,75.0,26.6,0.0,Clear
2024-07-10,422.0,27.8,32.6,23.9,0.0,72.0,27.8,3.0,Overcast
2024-07-11,389.0,24.9,27.6,22.7,13.3,80.0,25.0,63.0,Rain
2024-07-12,446.0,26.3,30.0,23.0,3.3,78.0,25.5,55.0,Heavy drizzle
2024-07-13,467.0,26.8,31.0,22.9,0.0,78.0,27.3,2.0,Partly cloudy
2024-07-14,466.0,26.9,31.5,23.5,0.0,66.0,23.3,0.0,Clear
2024-07-15,515.0,26.9,32.5,22.7,0.0,65.0,26.2,1.0,Mainly clear
2024-07-16,385.0,27.8,32.8,22.3,0.0,65.0,26.9,3.0,Overcast
2024-07-17,449.0,29.0,34.4,24.6,0.9,68.0,23.5,53.0,Drizzle
2024-07-18,446.0,29.0,34.3,24.9,0.0,69.0,24.5,3.0,Overcast
2024-07-19,397.0,28.7,33.3,25.1,0.0,71.0,28.1,2.0,Partly cloudy
2024-07-20,401.0,28.5,32.7,25.3,0.4,71.0,26.5,51.0,Light drizzle
2024-07-21,495.0,28.2,33.4,24.2,0.0,68.0,24.5,0.0,Clear
2024-07-22,358.0,28.5,34.6,22.8,0.0,64.0,22.2,2.0,Partly cloudy
2024-07-23,389.0,27.3,31.6,24.5,0.9,74.0,25.9,53.0,Drizzle
2024-07-24,429.0,26.6,30.8,21.1,0.7,68.0,25.8,53.0,Drizzle
2024-07-25,488.0,26.8,30.7,22.5,0.6,63.0,26.9,51.0,Light drizzle
2024-07-26,479.0,23.8,26.4,21.7,2.5,73.0,26.2,53.0,Drizzle
2024-07-27,449.0,24.1,28.0,19.3,1.7,72.0,22.9,51.0,Light drizzle
2024-07-28,463.0,25.8,31.0,20.8,0.1,72.0,28.9,51.0,Light drizzle
2024-07-29,435.0,27.0,31.4,23.2,0.0,63.0,29.2,0.0,Clear
2024-07-30,432.0,25.7,29.4,23.1,3.3,67.0,31.3,61.0,Light rain
2024-07-31,451.0,24.7,28.6,20.6,0.0,58.0,27.0,1.0,Mainly clear
2024-08-01,474.0,24.3,29.1,19.6,0.0,66.0,25.0,1.0,Mainly clear
2024-08-02,423.0,24.8,29.9,19.9,0.0,70.0,22.2,0.0,Clear
2024-08-03,463.0,26.0,33.2,19.5,0.0,67.0,11.0,0.0,Clear
2024-08-04,512.0,26.8,32.5,21.0,0.0,61.0,19.5,2.0,Partly cloudy
2024-08-05,338.0,25.1,29.4,21.6,0.2,72.0,23.3,51.0,Light drizzle
2024-08-06,353.0,25.8,31.4,20.3,0.0,65.0,15.0,1.0,Mainly clear
2024-08-07,376.0,24.0,27.8,20.0,0.4,68.0,22.3,51.0,Light drizzle
2024-08-08,505.0,24.2,29.0,19.5,0.1,69.0,21.6,51.0,Light drizzle
2024-08-09,395.0,25.8,30.4,22.0,0.1,66.0,23.8,51.0,Light drizzle
2024-08-10,509.0,26.0,30.2,22.1,0.2,66.0,24.1,51.0,Light drizzle
2024-08-11,498.0,26.5,30.8,23.2,0.0,68.0,26.6,0.0,Clear
2024-08-12,406.0,26.3,31.0,22.8,0.0,71.0,27.1,1.0,Mainly clear
2024-08-13,423.0,26.6,32.4,22.0,0.0,68.0,26.3,0.0,Clear
2024-08-14,541.0,27.4,32.6,23.8,0.0,64.0,34.4,0.0,Clear
2024-08-15,435.0,26.1,30.3,23.1,0.0,64.0,27.8,0.0,Clear
2024-08-16,539.0,25.1,29.2,21.6,0.0,63.0,30.4,1.0,Mainly clear
2024-08-17,554.0,25.4,29.2,22.3,0.0,56.0,29.9,1.0,Mainly clear
2024-08-18,552.0,25.2,30.1,20.2,0.0,62.0,24.3,3.0,Overcast
2024-08-19,452.0,24.7,30.4,20.8,1.2,70.0,17.7,53.0,Drizzle
2024-08-20,485.0,24.4,32.0,18.5,0.0,72.0,19.2,0.0,Clear
2024-08-21,474.0,24.3,29.3,20.5,1.3,79.0,18.7,53.0,Drizzle
2024-08-22,443.0,25.6,32.4,21.4,0.0,75.0,19.6,1.0,Mainly clear
2024-08-23,456.0,25.9,31.3,21.3,0.0,73.0,23.4,0.0,Clear
2024-08-24,509.0,26.1,30.4,22.4,0.0,67.0,24.2,1.0,Mainly clear
2024-08-25,498.0,25.4,30.3,21.2,0.0,63.0,26.8,3.0,Overcast
2024-08-26,421.0,26.1,30.8,22.9,0.1,68.0,26.6,51.0,Light drizzle
2024-08-27,429.0,25.0,29.7,20.0,1.7,69.0,24.1,61.0,Light rain
2024-08-28,474.0,24.2,28.8,20.1,0.0,70.0,17.4,3.0,Overcast
2024-08-29,496.0,24.0,27.4,19.5,4.7,72.0,17.5,61.0,Light rain
2024-08-30,539.0,23.1,26.6,19.6,3.3,77.0,18.7,53.0,Drizzle
2024-08-31,548.0,23.6,27.5,19.9,0.7,74.0,14.3,51.0,Light drizzle
2024-09-01,522.0,23.4,27.0,20.4,4.6,79.0,17.9,61.0,Light rain
2024-09-02,430.0,22.2,25.3,19.7,20.2,86.0,14.8,63.0,Rain
2024-09-03,442.0,23.8,28.6,19.9,1.6,82.0,11.0,51.0,Light drizzle
2024-09-04,540.0,24.4,29.2,20.4,0.5,80.0,25.1,51.0,Light drizzle
2024-09-05,544.0,23.8,29.6,19.8,0.0,72.0,16.1,0.0,Clear
2024-09-06,469.0,23.4,29.7,17.7,0.0,67.0,17.4,2.0,Partly cloudy
2024-09-07,487.0,22.8,27.5,19.4,1.1,75.0,17.8,51.0,Light drizzle
2024-09-08,518.0,21.9,25.6,19.5,2.2,79.0,25.7,51.0,Light drizzle
2024-09-09,418.0,22.5,27.7,18.0,1.7,73.0,18.6,53.0,Drizzle
2024-09-10,461.0,24.2,30.2,19.2,0.2,71.0,17.1,51.0,Light drizzle
2024-09-11,482.0,23.8,28.0,20.6,0.4,75.0,16.4,51.0,Light drizzle
2024-09-12,462.0,24.1,28.5,20.6,0.9,72.0,18.8,51.0,Light drizzle
2024-09-13,506.0,25.0,30.0,20.3,0.0,67.0,13.5,2.0,Partly cloudy
2024-09-14,595.0,26.6,31.1,23.4,0.0,58.0,24.0,2.0,Partly cloudy
2024-09-15,510.0,22.1,26.1,17.3,4.7,79.0,21.8,63.0,Rain
2024-09-16,443.0,20.3,25.8,15.1,0.9,73.0,18.1,53.0,Drizzle
2024-09-17,437.0,20.3,24.3,17.3,3.1,76.0,20.7,61.0,Light rain
2024-09-18,449.0,20.3,25.0,17.2,3.4,77.0,22.3,55.0,Heavy drizzle
2024-09-19,365.0,20.1,24.6,16.7,0.4,70.0,22.5,51.0,Light drizzle
2024-09-20,500.0,19.8,25.5,16.0,2.6,77.0,21.0,55.0,Heavy drizzle
2024-09-21,362.0,19.5,22.3,17.8,7.0,77.0,22.4,63.0,Rain
2024-09-22,531.0,20.4,24.8,15.7,1.6,61.0,27.3,53.0,Drizzle
2024-09-23,445.0,19.3,24.7,16.5,1.0,79.0,17.3,51.0,Light drizzle
2024-09-24,404.0,20.1,26.3,14.9,0.1,79.0,11.7,51.0,Light drizzle
2024-09-25,452.0,21.0,26.9,16.1,0.0,73.0,18.7,2.0,Partly cloudy
2024-09-26,392.0,21.1,27.5,16.5,0.0,76.0,19.1,3.0,Overcast
2024-09-27,494.0,21.4,28.5,17.2,0.0,80.0,18.7,3.0,Overcast
2024-09-28,532.0,22.4,29.2,19.1,0.0,82.0,17.8,3.0,Overcast
2024-09-29,530.0,22.3,28.6,18.2,1.8,84.0,15.4,61.0,Light rain
2024-09-30,289.0,17.0,19.5,13.9,34.0,78.0,27.6,65.0,Heavy rain
2024-10-01,390.0,16.2,19.1,14.1,0.4,61.0,19.1,51.0,Light drizzle
2024-10-02,376.0,17.8,21.7,15.3,0.2,67.0,14.7,51.0,Light drizzle
2024-10-03,439.0,18.4,23.6,13.5,0.0,79.0,9.9,3.0,Overcast
2024-10-04,471.0,21.5,27.1,15.9,0.0,65.0,16.0,0.0,Clear
2024-10-05,573.0,24.3,30.7,18.6,0.0,58.0,10.1,3.0,Overcast
2024-10-06,549.0,22.4,27.8,18.9,0.1,75.0,15.4,51.0,Light drizzle
2024-10-07,376.0,19.3,22.9,16.5,1.3,80.0,20.3,51.0,Light drizzle
2024-10-08,366.0,18.6,24.5,14.5,0.0,71.0,19.5,3.0,Overcast
2024-10-09,428.0,19.2,24.5,13.6,0.5,77.0,19.2,53.0,Drizzle
2024-10-10,384.0,21.4,24.6,18.8,0.3,75.0,17.4,51.0,Light drizzle
2024-10-11,499.0,22.7,26.6,19.4,0.0,73.0,20.5,3.0,Overcast
2024-10-12,538.0,19.8,23.2,16.9,2.3,82.0,22.7,53.0,Drizzle
2024-10-13,566.0,16.8,19.1,15.1,0.0,80.0,16.7,3.0,Overcast
2024-10-14,357.0,16.1,22.2,12.2,0.0,78.0,14.1,3.0,Overcast
2024-10-15,427.0,16.5,21.8,13.1,0.0,78.0,20.1,3.0,Overcast
2024-10-16,410.0,15.1,20.7,11.0,0.8,83.0,28.5,51.0,Light drizzle
2024-10-17,424.0,13.5,15.6,12.0,1.6,71.0,28.6,53.0,Drizzle
2024-10-18,464.0,12.7,16.5,10.0,1.2,69.0,22.4,53.0,Drizzle
2024-10-19,624.0,12.3,16.3,9.3,1.0,73.0,16.8,53.0,Drizzle
2024-10-20,492.0,12.2,16.1,7.1,0.1,74.0,21.5,51.0,Light drizzle
2024-10-21,335.0,13.0,16.4,10.3,0.3,70.0,18.4,51.0,Light drizzle
2024-10-22,447.0,13.4,18.2,9.3,0.0,74.0,18.5,3.0,Overcast
2024-10-23,354.0,13.7,18.9,9.9,0.0,78.0,18.8,3.0,Overcast
2024-10-24,359.0,14.3,18.5,11.6,0.0,78.0,19.4,3.0,Overcast
2024-10-25,505.0,14.6,17.4,12.1,0.3,79.0,22.6,51.0,Light drizzle
2024-10-26,633.0,13.7,18.5,9.9,0.0,75.0,21.7,1.0,Mainly clear
2024-10-27,621.0,14.6,19.7,11.4,0.0,80.0,19.7,2.0,Partly cloudy
2024-10-28,525.0,14.5,19.8,10.9,0.0,83.0,11.2,3.0,Overcast
2024-10-29,558.0,14.4,20.3,10.6,0.0,84.0,19.0,3.0,Overcast
2024-10-30,315.0,15.1,18.1,12.9,0.2,72.0,21.6,51.0,Light drizzle
2024-10-31,423.0,15.0,18.8,12.3,0.0,66.0,22.2,3.0,Overcast
2024-11-01,450.0,14.0,19.1,10.2,0.0,79.0,18.3,3.0,Overcast
2024-11-02,636.0,13.9,18.0,11.4,0.0,89.0,12.7,3.0,Overcast
2024-11-03,555.0,12.9,15.5,9.4,0.9,71.0,32.3,53.0,Drizzle
2024-11-04,303.0,11.3,15.3,6.6,0.0,58.0,9.8,3.0,Overcast
2024-11-05,387.0,11.4,14.5,6.6,0.0,57.0,22.9,3.0,Overcast
2024-11-06,431.0,11.5,14.6,9.0,0.0,56.0,24.9,3.0,Overcast
2024-11-07,347.0,12.7,17.0,9.6,0.0,68.0,27.7,1.0,Mainly clear
2024-11-08,511.0,13.6,17.5,11.4,0.0,74.0,24.7,2.0,Partly cloudy
2024-11-09,632.0,12.7,16.9,10.7,0.0,75.0,27.8,3.0,Overcast
2024-11-10,513.0,11.6,14.1,9.8,0.1,77.0,24.3,51.0,Light drizzle
2024-11-11,400.0,13.2,17.1,10.5,0.0,81.0,18.0,3.0,Overcast
2024-11-12,371.0,13.6,17.4,11.0,0.2,81.0,20.2,51.0,Light drizzle
2024-11-13,438.0,13.3,15.7,12.1,1.0,85.0,12.4,51.0,Light drizzle
2024-11-14,361.0,13.2,15.9,11.5,0.0,83.0,12.6,3.0,Overcast
2024-11-15,453.0,12.5,14.1,10.7,3.9,90.0,19.4,53.0,Drizzle
2024-11-16,580.0,10.6,12.1,9.7,2.1,73.0,23.5,53.0,Drizzle
2024-11-17,650.0,11.8,14.3,10.4,0.1,75.0,19.6,51.0,Light drizzle
2024-11-18,352.0,11.2,13.1,9.8,1.8,89.0,7.2,61.0,Light rain
2024-11-19,296.0,10.2,14.7,5.7,0.0,81.0,5.4,3.0,Overcast
2024-11-20,335.0,13.3,16.7,8.6,0.0,76.0,26.7,3.0,Overcast
2024-11-21,284.0,14.4,19.6,7.7,23.6,73.0,35.3,63.0,Rain
2024-11-22,496.0,12.2,18.1,6.2,0.0,76.0,31.6,3.0,Overcast
2024-11-23,428.0,10.3,18.7,4.0,38.7,77.0,38.0,65.0,Heavy rain
2024-11-24,642.0,5.6,8.2,3.5,1.6,67.0,24.1,73.0,Snow
2024-11-25,373.0,6.2,9.1,3.4,0.3,69.0,16.5,51.0,Light drizzle
2024-11-26,442.0,8.0,10.2,6.2,0.0,68.0,7.6,3.0,Overcast
2024-11-27,403.0,9.6,11.3,7.5,0.3,75.0,13.5,51.0,Light drizzle
2024-11-28,366.0,9.7,12.7,7.0,0.0,84.0,5.4,3.0,Overcast
2024-11-29,522.0,9.1,13.4,5.6,0.0,82.0,6.9,3.0,Overcast
2024-11-30,710.0,11.3,15.9,8.1,0.0,72.0,17.6,3.0,Overcast
2024-12-01,614.0,11.5,13.4,10.4,0.1,82.0,24.5,51.0,Light drizzle
2024-12-02,290.0,11.1,13.0,10.0,6.8,84.0,18.8,63.0,Rain
2024-12-03,358.0,10.5,11.6,9.4,3.4,84.0,14.7,53.0,Drizzle
2024-12-04,461.0,9.5,10.1,8.9,7.4,93.0,12.7,55.0,Heavy drizzle
2024-12-05,427.0,9.9,13.0,8.5,0.1,87.0,13.1,51.0,Light drizzle
2024-12-06,501.0,9.6,13.4,6.6,0.0,83.0,12.4,3.0,Overcast
2024-12-07,638.0,12.2,15.1,10.4,0.2,74.0,16.1,51.0,Light drizzle
2024-12-08,593.0,12.3,14.6,11.0,2.5,79.0,14.3,55.0,Heavy drizzle
2024-12-09,381.0,14.2,17.9,12.1,23.6,83.0,21.0,63.0,Rain
2024-12-10,318.0,13.7,17.8,11.6,31.0,88.0,21.7,65.0,Heavy rain
2024-12-11,359.0,10.0,11.8,7.5,7.9,89.0,14.8,63.0,Rain
2024-12-12,451.0,7.9,10.4,4.9,0.8,83.0,12.7,53.0,Drizzle
2024-12-13,614.0,6.6,8.2,5.4,0.3,80.0,17.7,51.0,Light drizzle
2024-12-14,700.0,5.6,8.0,3.5,0.0,69.0,9.8,3.0,Overcast
2024-12-15,467.0,9.0,10.7,6.6,11.4,84.0,20.5,63.0,Rain
2024-12-16,429.0,7.5,9.3,5.9,1.3,76.0,19.0,53.0,Drizzle
2024-12-17,447.0,8.8,10.7,6.5,0.0,74.0,17.1,0.0,Clear
2024-12-18,500.0,9.7,12.9,7.5,0.0,90.0,10.7,1.0,Mainly clear
2024-12-19,478.0,8.3,12.3,5.0,0.0,81.0,7.8,3.0,Overcast
2024-12-20,584.0,10.0,13.7,6.1,0.0,73.0,12.1,3.0,Overcast
2024-12-21,587.0,11.0,13.6,9.6,16.8,83.0,19.4,63.0,Rain
2024-12-22,615.0,7.1,8.8,6.2,4.4,85.0,18.9,55.0,Heavy drizzle
2024-12-23,490.0,8.9,12.9,6.1,0.0,79.0,12.4,3.0,Overcast
2024-12-24,436.0,10.9,12.5,9.5,7.9,79.0,16.4,61.0,Light rain
2024-12-25,497.0,11.3,15.1,9.1,2.8,87.0,17.3,55.0,Heavy drizzle
2024-12-26,433.0,10.9,12.6,9.5,4.8,89.0,24.9,53.0,Drizzle
2024-12-27,449.0,6.8,9.1,4.6,6.6,85.0,25.1,53.0,Drizzle
2024-12-28,654.0,6.9,9.0,4.3,1.7,82.0,23.3,51.0,Light drizzle
2024-12-29,690.0,7.2,8.0,6.8,4.8,85.0,21.2,53.0,Drizzle
2024-12-30,525.0,6.8,8.5,5.0,0.0,81.0,17.0,3.0,Overcast
2024-12-31,459.0,6.1,10.9,3.2,0.0,85.0,7.4,2.0,Partly cloudy
2025-01-01,721.0,5.2,9.8,1.1,0.0,93.0,5.3,3.0,Overcast
2025-01-02,465.0,7.9,10.7,4.5,0.0,85.0,17.3,3.0,Overcast
2025-01-03,604.0,11.7,14.0,9.9,0.0,71.0,23.5,3.0,Overcast
2025-01-04,618.0,9.2,11.9,6.8,15.5,86.0,23.9,63.0,Rain
2025-01-05,655.0,7.2,9.3,4.6,0.0,78.0,12.4,3.0,Overcast
2025-01-06,436.0,6.9,9.7,3.8,0.0,89.0,10.7,2.0,Partly cloudy
2025-01-07,462.0,11.6,14.4,8.0,0.0,75.0,25.3,3.0,Overcast
2025-01-08,489.0,13.9,15.8,12.9,0.0,74.0,20.9,3.0,Overcast
2025-01-09,514.0,12.7,15.5,10.5,0.0,80.0,13.8,3.0,Overcast
2025-01-10,558.0,11.3,14.9,7.4,0.0,77.0,13.1,3.0,Overcast
2025-01-11,670.0,9.2,12.4,7.0,8.6,88.0,17.3,63.0,Rain
2025-01-12,532.0,7.4,9.8,5.6,6.6,92.0,20.5,53.0,Drizzle
2025-01-13,361.0,5.9,6.8,5.2,18.5,90.0,22.5,61.0,Light rain
2025-01-14,429.0,6.3,7.2,5.3,3.2,83.0,21.3,53.0,Drizzle
2025-01-15,473.0,6.5,8.1,5.8,12.8,89.0,22.9,61.0,Light rain
2025-01-16,594.0,6.0,7.6,4.0,1.4,84.0,16.7,51.0,Light drizzle
2025-01-17,520.0,5.2,9.3,2.0,0.0,78.0,8.1,3.0,Overcast
2025-01-18,628.0,5.2,10.0,1.9,0.0,83.0,5.2,0.0,Clear
2025-01-19,719.0,5.6,11.1,1.3,0.0,90.0,9.0,3.0,Overcast
2025-01-20,515.0,5.9,9.7,3.0,0.0,79.0,13.0,3.0,Overcast
2025-01-21,534.0,6.6,11.3,3.1,0.1,82.0,15.7,51.0,Light drizzle
2025-01-22,492.0,8.8,11.8,6.9,3.0,87.0,9.7,61.0,Light rain
2025-01-23,633.0,8.0,11.2,5.7,0.0,95.0,9.3,3.0,Overcast
2025-01-24,632.0,9.9,13.4,6.1,0.0,84.0,13.1,3.0,Overcast
2025-01-25,582.0,8.8,10.5,4.5,16.7,86.0,12.8,63.0,Rain
2025-01-26,627.0,7.1,12.6,3.8,0.0,87.0,9.5,2.0,Partly cloudy
2025-01-27,491.0,7.1,11.4,4.4,0.0,92.0,9.2,3.0,Overcast
2025-01-28,532.0,8.8,12.5,5.1,0.0,85.0,12.6,3.0,Overcast
2025-01-29,521.0,12.2,15.7,9.9,0.0,74.0,19.0,3.0,Overcast
2025-01-30,529.0,11.7,15.0,9.2,0.0,73.0,10.8,3.0,Overcast
2025-01-31,543.0,10.8,13.8,8.1,0.1,82.0,7.4,51.0,Light drizzle
2025-02-01,656.0,8.6,13.5,6.3,0.0,94.0,11.5,3.0,Overcast
2025-02-02,645.0,9.1,13.1,7.3,0.0,83.0,14.0,3.0,Overcast
2025-02-03,503.0,7.1,11.5,3.9,0.0,92.0,16.3,3.0,Overcast
2025-02-04,461.0,5.7,7.0,4.1,0.0,68.0,21.6,3.0,Overcast
2025-02-05,468.0,3.4,4.8,1.9,3.3,72.0,21.3,73.0,Snow
2025-02-06,462.0,2.5,4.2,1.5,4.9,78.0,21.3,73.0,Snow
2025-02-07,411.0,3.2,5.4,1.5,5.0,79.0,21.1,73.0,Snow
2025-02-08,772.0,4.3,6.3,3.2,4.4,83.0,22.1,51.0,Light drizzle
2025-02-09,557.0,4.1,6.1,2.9,2.0,79.0,21.5,53.0,Drizzle
2025-02-10,372.0,3.7,6.3,1.6,1.7,76.0,19.2,71.0,Light snow
2025-02-11,421.0,1.9,3.7,0.4,3.8,86.0,21.1,73.0,Snow
2025-02-12,419.0,1.5,4.8,-1.7,16.6,88.0,19.2,75.0,Heavy snow
2025-02-13,434.0,4.5,7.6,1.9,0.0,74.0,12.1,3.0,Overcast
2025-02-14,507.0,6.2,10.4,2.8,0.0,73.0,9.8,3.0,Overcast
2025-02-15,661.0,9.3,13.0,5.7,2.5,79.0,14.4,53.0,Drizzle
2025-02-16,633.0,7.7,10.3,6.1,2.7,91.0,13.5,53.0,Drizzle
2025-02-17,381.0,5.5,6.1,4.9,17.4,94.0,19.9,63.0,Rain
2025-02-18,506.0,5.6,7.5,4.8,0.8,78.0,20.7,51.0,Light drizzle
2025-02-19,283.0,3.7,6.6,1.4,9.4,81.0,23.9,75.0,Heavy snow
2025-02-20,384.0,1.5,3.5,-0.3,2.4,71.0,20.6,73.0,Snow
2025-02-21,466.0,0.4,2.4,-0.9,3.6,77.0,20.6,73.0,Snow
2025-02-22,640.0,-0.8,1.5,-3.6,5.0,74.0,14.0,73.0,Snow
2025-02-23,696.0,-2.2,1.7,-5.5,0.8,80.0,10.0,71.0,Light snow
2025-02-24,301.0,-0.3,4.5,-4.7,0.0,74.0,5.5,3.0,Overcast
2025-02-25,525.0,3.9,7.3,-1.0,0.0,69.0,13.2,3.0,Overcast
2025-02-26,594.0,5.3,10.3,0.2,0.0,82.0,6.5,3.0,Overcast
2025-02-27,520.0,9.5,14.0,5.3,0.0,72.0,7.4,3.0,Overcast
2025-02-28,623.0,9.3,13.6,6.3,0.4,83.0,16.8,51.0,Light drizzle
2025-03-01,733.0,7.4,12.3,4.8,0.0,85.0,12.5,3.0,Overcast
2025-03-02,661.0,7.1,14.0,2.9,3.5,83.0,17.9,55.0,Heavy drizzle
2025-03-03,454.0,5.8,7.3,4.1,1.7,81.0,18.5,53.0,Drizzle
2025-03-04,542.0,5.4,7.7,3.6,0.2,75.0,20.6,51.0,Light drizzle
2025-03-05,433.0,6.1,10.9,2.7,0.0,77.0,16.0,0.0,Clear
2025-03-06,558.0,7.9,15.7,2.2,0.0,67.0,12.6,3.0,Overcast
2025-03-07,600.0,8.3,13.9,4.9,0.0,61.0,17.6,3.0,Overcast
2025-03-08,769.0,8.8,14.2,5.8,0.0,80.0,17.6,2.0,Partly cloudy
2025-03-09,609.0,8.7,13.1,4.9,0.0,86.0,9.6,1.0,Mainly clear
2025-03-10,528.0,10.0,16.3,5.2,0.0,79.0,8.1,1.0,Mainly clear
2025-03-11,511.0,13.6,19.0,8.6,0.0,65.0,20.4,3.0,Overcast
2025-03-12,557.0,16.5,22.3,12.9,1.3,55.0,20.1,53.0,Drizzle
2025-03-13,502.0,18.1,23.7,13.6,0.0,47.0,16.0,3.0,Overcast
2025-03-14,626.0,18.6,24.4,14.5,0.0,43.0,14.9,3.0,Overcast
2025-03-15,812.0,19.2,26.0,13.4,0.0,51.0,12.4,3.0,Overcast
2025-03-16,690.0,21.1,26.4,17.1,0.0,39.0,22.7,3.0,Overcast
2025-03-17,520.0,14.9,21.8,10.1,0.8,68.0,16.1,51.0,Light drizzle
2025-03-18,425.0,6.8,10.0,2.6,18.9,85.0,26.6,71.0,Light snow
2025-03-19,466.0,4.8,6.9,3.1,1.0,57.0,28.1,51.0,Light drizzle
2025-03-20,499.0,6.0,9.0,2.8,2.2,77.0,18.9,73.0,Snow
2025-03-21,565.0,7.0,11.2,3.6,0.3,69.0,15.4,51.0,Light drizzle
2025-03-22,724.0,7.4,12.5,2.4,0.0,65.0,8.3,3.0,Overcast
2025-03-23,575.0,10.7,17.3,4.6,1.0,58.0,8.6,53.0,Drizzle
2025-03-24,415.0,14.7,18.8,10.5,0.6,59.0,21.8,51.0,Light drizzle
2025-03-25,482.0,16.3,20.4,12.7,0.0,53.0,17.2,3.0,Overcast
2025-03-26,499.0,16.1,21.5,11.9,0.0,56.0,10.4,3.0,Overcast
2025-03-27,515.0,16.5,24.9,11.9,0.0,51.0,18.2,3.0,Overcast
2025-03-28,552.0,13.8,21.7,10.6,2.4,71.0,19.5,55.0,Heavy drizzle
2025-03-29,564.0,14.0,18.9,9.6,0.4,75.0,11.5,51.0,Light drizzle
2025-03-30,613.0,13.7,19.2,9.7,1.5,76.0,10.8,53.0,Drizzle
2025-03-31,684.0,13.6,19.4,9.5,1.4,78.0,13.4,53.0,Drizzle
2025-04-01,636.0,12.7,18.9,9.4,7.1,84.0,15.2,61.0,Light rain
2025-04-02,500.0,10.7,13.8,8.9,2.9,91.0,14.9,55.0,Heavy drizzle
2025-04-03,700.0,11.8,15.4,9.5,3.6,81.0,11.2,53.0,Drizzle
2025-04-04,581.0,11.4,16.2,7.5,0.2,78.0,10.5,51.0,Light drizzle
2025-04-05,662.0,10.5,14.8,8.2,0.0,88.0,10.7,3.0,Overcast
2025-04-06,567.0,11.8,18.0,7.7,9.5,78.0,22.6,63.0,Rain
2025-04-07,371.0,6.9,9.9,5.0,12.4,87.0,26.5,63.0,Rain
2025-04-08,433.0,6.8,9.5,4.8,0.0,64.0,16.6,3.0,Overcast
2025-04-09,477.0,7.0,10.0,5.2,0.1,59.0,14.9,51.0,Light drizzle
2025-04-10,490.0,8.7,12.2,4.5,4.3,67.0,23.0,61.0,Light rain
2025-04-11,575.0,6.0,8.9,2.8,4.0,56.0,21.3,71.0,Light snow
2025-04-12,657.0,7.8,9.7,4.4,4.4,67.0,18.9,55.0,Heavy drizzle
2025-04-13,717.0,7.5,12.4,2.7,0.0,71.0,12.0,3.0,Overcast
2025-04-14,426.0,9.5,15.0,4.3,0.0,63.0,15.9,3.0,Overcast
2025-04-15,540.0,11.6,19.2,5.7,0.0,66.0,14.3,3.0,Overcast
2025-04-16,560.0,14.4,22.2,8.2,0.0,51.0,14.2,3.0,Overcast
2025-04-17,553.0,14.0,20.7,9.5,0.0,66.0,17.8,3.0,Overcast
2025-04-18,656.0,12.8,21.4,8.2,0.3,75.0,14.5,51.0,Light drizzle
2025-04-19,695.0,12.4,20.0,8.1,0.1,76.0,12.7,51.0,Light drizzle
2025-04-20,560.0,13.3,19.2,8.0,0.0,70.0,9.2,3.0,Overcast
2025-04-21,542.0,15.5,24.1,8.4,0.0,66.0,13.7,3.0,Overcast
2025-04-22,601.0,14.7,20.4,10.7,0.0,68.0,16.0,3.0,Overcast
2025-04-23,481.0,13.2,18.5,10.3,0.0,79.0,18.3,3.0,Overcast
